1	abasgi
2	abion
3	aborisci
4	absolutorium
5	acanthica
6	accessio
7	acerosus
8	acicula
9	aconici
10	acrocherion
11	actio
12	acyrologus
13	addubium
14	adhaesum
15	adjutor
16	adocimus
17	adrochori
18	adversaria
19	aedes
20	aegrimonia
21	aequare
22	aero
23	aetas mala
24	affines
25	ageja
26	aggressor
27	agnosco
28	agrielaea
29	ajus
30	albeo
31	aldius
32	aligosus
33	aliptes
34	allelocletoria
35	alluvio
36	alphiton
37	alula
38	amaro
39	amblotridium
40	ametadotus
41	amitini
42	ampechonium
43	amphimalla
44	amphysphyra
45	amythus
46	anactorion
47	analogium
48	anarctus
49	anatrope
50	anconisci
51	andrologia
52	anesilochus
53	angor
54	animus
55	anocatum
56	anta
57	antelogium
58	antephorus
59	anticantharus
60	antimetalepsis
61	antiptosis
62	antityphon
63	apagoge
64	aperantologus
65	aphilargyrus
66	apicitus
67	apoceryctus
68	apodosis
69	aponia
70	aposcemma
71	apothetae
72	applaudo
73	apsicholus
74	aquarii
75	araeosyncritus
76	arbyla
77	archigraphus
78	arcili
79	areator
80	argentiexterebronides
81	arida
82	armati
83	arpago
84	arsenogonum
85	artobama
86	arytaena
87	ascoma
88	asparagia
89	assaratum
90	assulae
91	astorgus
92	astyochus
93	ateramna
94	atopaston
95	attempero
96	auctoratus
97	augmento
98	avolsa
99	aurugia
100	autocomus
101	auxilia
102	azymus
103	bacalauri
104	baja
105	ballis
106	banus
107	barea
108	basilica
109	batillum
110	bela
111	benigniter
112	bibliographia
113	biglaticum aes
114	bipertio
115	blas
116	boethi
117	bonosus
118	bovalia
119	branca
120	britanniaca
121	brytia
122	buccula
123	bullare
124	bursa
125	byropola
126	cabistercus
127	cacophaton
128	cadurcum
129	caerimonia
130	calamis
131	calceones
132	caliendrum
133	calliopicus
134	caltza
135	cambium
136	campagus
137	canabus
138	candidati
139	cannitiae
140	canthelus
141	capidulum
142	capitulare
143	capso
144	carbatine
145	careum
146	carnositas
147	carpus
148	casarius
149	castellamentum
150	catacaumum iliacum
151	catalogi
152	catarrhytus
153	catharmata
154	catoche
155	cavaedium
156	cavo
157	cauto opus est
158	cellar
159	censere
160	centonarium opus
161	cephus
162	ceratoides
163	ceretani
164	cerritulus
165	cestreus
166	chalceutice
167	chamaeterae
168	charta
169	cheniscus
170	chiragra
171	chlamydophorus
172	choloma
173	chorographia
174	chronisso
175	chrysopoeus
176	ciborium
177	cilium
178	cinclus
179	circa
180	circunfodio
181	cistophori
182	clamnum
183	claudus
184	clerodosia
185	clinodium
186	clunaculum
187	cnodaces
188	coccus gnidia
189	codicarius
190	coenonicos
191	cohors
192	colis
193	collibum
194	collyra
195	colostrum
196	comassor
197	comitium
198	commilito
199	como
200	compensor
201	compotus
202	concentor
203	concinentia
204	concubo
205	condititia
206	confertus
207	conforaneus
208	coniastacte
209	conopeum
210	consectarium
211	consobrini
212	constitutoria
213	contemptim
214	contra
215	convalere
216	cooptatio
217	coquina
218	cordilla
219	cornifrontes
220	corradere pecunias
221	corvus
222	cosmon
223	cotylarium
224	crapulenti
225	cremasteres
226	creta
227	crispare
228	cronicae
229	cruricrepidae
230	cuba
231	cudo
232	cum primis
233	cupidicoenius
234	curio
235	curus
236	cycema
237	cymba
238	cynulcus
239	cyttarus
240	dactylidium
241	damnium
242	dasmographus
243	decachalcon
244	decederit
245	declarator
246	decurio
247	defensuiri
248	defundere preces
249	delatio
250	delictum
251	delta
252	demittere caput
253	denormare
254	depeculasso
255	deprecatur
256	derogator
257	desmotrichon
258	detepescit
259	devirginare
260	dextroversum
261	diacridium
262	dialis
263	diaphtora
264	diatessaron
265	dicaeopragma
266	dicrosson
267	dies
268	digellus
269	dilapido
270	dimoerites
271	dioptricum
272	diplomum
273	dirigo
274	discordate
275	dispando
276	disquamatus
277	distendo
278	diu
279	divirginare
280	dodecades
281	dolon
282	donatarius
283	dos caduca
284	drensare
285	ducarii
286	dulophanes
287	durs legi
288	dysetymologetum
289	dysuricus
290	ebulum
291	echeneis
292	ecphyses
293	ecyemata
294	edurus
295	effulgescentiae
296	ejus
297	electus
298	elici
299	elogium
300	emacitas
301	embola sacra
302	emicadium
303	emphanistica
304	empticius
305	enarmonicus
306	enchymoma
307	encyclicae
308	enete
309	enoecismus
310	enthesypathia
311	epactra
312	ependyma
313	ephialtes
314	epicataphora
315	epicrocum
316	epigius
317	epimelogima
318	epiplasma
319	epispastum
320	epithemata
321	epocheus
322	epulatitius
323	erania
324	ergastularius
325	eritimus
326	erudimentum
327	eschatocollum
328	ethicus
329	evat
330	evectus
331	evictio
332	eunuchias
333	euphygia
334	eustochium
335	exacerbare
336	examen
337	exaudio
338	exciduum
339	excurrere
340	exequutor
341	exhibere
342	exochas
343	exorbito
344	experdens
345	expraefectus
346	exsilio
347	extorqueo
348	exunguis
349	fabatar
350	factum
351	fallo
352	fanon
353	fartus
354	fatus
355	fel
356	feretrius
357	festivus
358	fideicommissum
359	filictum
360	fistula
361	flammeum
362	floccus
363	focaneus
364	foeniculus
365	fonticulus
366	foricula
367	formiter juratur
368	forum boarium
369	francilis bannus
370	frequento
371	frivolum
372	frunitus
373	fulgit
374	funda
375	furabula
376	fustigo
377	gabbatha
378	galearii
379	gammadaeus
380	gasidanes
381	geldonia
382	genesis
383	genutium
384	gerones
385	gigas
386	glandatio
387	globosum
388	glycea
389	goerare
390	gradatus
391	grandaevitas
392	gratulor
393	grucarius
394	gulo
395	gyalon
396	gyth
397	haemantinum
398	halcyonem
399	hamatus
400	harmos
401	haustrum
402	hedraei
403	heliogabalus
404	hemerologium
405	hepar
406	herbilis anser
407	hermes
408	heterodoxus
409	hiceterium
410	hilaro
411	hippocratia
412	hirrio
413	holobryzae
414	homoeogenia
415	homotrophus
416	hordeum
417	horunc
418	humerus
419	hydrargyrum
420	hyems
421	hypagus
422	hypercatalecticum
423	hypobulimaeum
424	hypographe
425	hyposphagma
426	hysteron proteron
427	jaculamentum
428	icheneumon
429	idios
430	ignifluus
431	illecebra
432	imadus
433	imitator
434	impans
435	impetejus
436	importunum
437	imputrida
438	inauspicato
439	incessores
440	inclusia
441	inconsequentia
442	incurro
443	indictiones
444	inducula
445	inexcusabile
446	infernas
447	infodio
448	ingenuatus
449	inimicabilis
450	innuba
451	inquietatio
452	insicia
453	inspicio
454	insubidus
455	intento
456	interductus
457	interminum
458	interpretamentum
459	interventor
460	introgredior
461	investitus
462	jocularium
463	ironia
464	ischaemon
465	isopyrum
466	judicatorium
467	junctor
468	juventa
469	kalendarium
470	labratum
471	lacatomus
472	ladon
473	lamboides
474	laneum
475	lapatzas
476	largitionales
477	latebrosus
478	latria
479	laura
480	lecca
481	legitima
482	lenonium
483	lepis
484	levat
485	levita
486	libellio
487	librellium
488	licitum
489	lilium convallium
490	limniscus
491	linguagium
492	linteum
493	liquet
494	lithoides
495	lixabundus
496	loebesum
497	lonchas
498	lorica
499	lucetius
500	lucumo
501	lumbulus
502	luria
503	luto
504	lyciscus
505	lyssa
506	lyzizona
507	
508	
509	machinaria mola
510	macteae
511	magadium
512	magnetes
513	malacocolax
514	mallobergium
515	mamma
516	mancipium
517	manes
518	mannuae
519	mantelum
520	manuispex
521	marchgravii
522	marmarygae
523	masgidium
524	mater matrima
525	matrix
526	meaculum
527	medicamentum
528	medullula
529	melampus
530	melicompos
531	melleum
532	melotis
533	mendicabulum
534	mensulae
535	mercuriales
536	meros
537	meson
538	metademius
539	metatoria
540	metophagia
541	microlypus
542	miligma
543	minatio
544	minusculum
545	miserari
546	misthotriae
547	mobilito
548	moenus
549	mollifico
550	monacus
551	monocleronomus
552	monopticus
553	morator
554	morphaea
555	mospi
556	mulctaticium
557	multiformis
558	muneralis lex
559	murcus
560	musaraneum
561	musino
562	mutuaticus
563	myocephalon
564	myrodatum
565	mythologia
566	naccae
567	narici
568	natio
569	naulum
570	nebularium
571	nefrens
572	neometus
573	nervicosus
574	nexit
575	nihil
576	nivarium colum
577	noeolae
578	nonarius
579	notophorus
580	noxialis
581	nullus
582	nundinae
583	nycticorax
584	nyxa
585	obhaereo
586	oblucinor
587	obscoeno
588	obstino
589	obvagulare
590	occupatorius ager
591	octophorum
592	odoramentum
593	oenodes
594	offerumentum
595	oleo
596	olocaustum
597	omnivendae
598	onirologia
599	opaeum
600	opicensi
601	opocarpathon
602	opsodaedalus
603	orama
604	orcinus
605	orgeones
606	ornithomia
607	orthocyllum
608	oscillum
609	ostomachia
610	ovis
611	oxytarium
612	pachynus
613	paedico
614	pagit
615	palax
616	pallex
617	palpum
618	panaria
619	pandicularii
620	panisci
621	pantopolia
622	parablaste
623	parafredus
624	paramytheticum
625	parapsis
626	paratatica
627	paredri
628	parianae
629	parodus
630	parthenii
631	paschalicus
632	pastinatum solum
633	pathicus cinaedus
634	patrisso
635	pavitensis
636	pecorosus
637	pedale
638	pedo
639	pelicanus
640	peminosus
641	pennatae literae
642	pentalitha
643	peolae
644	percipio
645	perenno
646	periboetos
647	perileucos
648	peripolarchus
649	peritonium
650	perpendicularis
651	perscriptiones
652	pertero
653	pestifere
654	petrapium
655	phagedaena
656	phalus
657	phaseolinum
658	philanthropum
659	philocrates
660	philoscommon
661	phloeon
662	phossones
663	phthisis
664	phymata
665	piceastrum
666	piladium
667	pinastellus
668	piptica
669	pistrinum
670	pix radulana
671	plagulae
672	platogonium
673	plebeo
674	pleuritides
675	plumarium opus
676	pluviale
677	podocace
678	polia
679	pollis
680	polycarpus
681	polymerus
682	polyspastum
683	pompator
684	popinor
685	portaticum
686	porticatio
687	possetur
688	postprincipia
689	potitius
690	praecido
691	praedestino
692	praefurnium
693	praemeditatorium
694	praepossum
695	praesero
696	praestruo
697	praevaricor
698	praxidice
699	priapus
700	pristaldi
701	probea
702	procerto
703	procomium
704	prodidagma
705	proex
706	progynasmata
707	proluvies
708	promutuum
709	propelacismus
710	propolae
711	prorsum
712	prosequium
713	prostatica persona
714	protelium
715	protocynegus
716	protovestiarius
717	proypergasia
718	psecter
719	pseudopyra
720	psychodoter
721	ptisana
722	puellus
723	pullici
724	pulvero
725	pupulus
726	pusulosus
727	pycticus
728	pyren
729	pyruntes
730	pyxo
731	quadratus
732	quaesitor
733	quatenos
734	quinimo
735	quorsum
736	racana
737	ran
738	ratariae
739	reatus
740	rechamus
741	reconduit
742	redemptor
743	refectorium
744	regalia
745	reguliolus
746	reliquum
747	remulcus
748	rependere
749	repso
750	resex
751	restibilis
752	reticulum
753	revisito
754	rhanteres
755	rhin
756	rhomboides
757	ricinium
758	riscus
759	rogatur lex
760	rostrum
761	rudera
762	rumen
763	rurester
764	ry
765	sacculus
766	sacrivus
767	sagitta
768	salarius
769	salmentum
770	salutaris digitus
771	sanctus
772	santerna
773	sarcire noxam
774	sarsorium
775	satyra
776	scachum
777	scamnum
778	scapus
779	scelus
780	schedicum
781	scholaricium
782	sciotheron
783	scleragogia
784	scopeuma
785	scortum
786	scripturarius
787	scultore
788	scyrpus
789	secretarium
790	sedatio
791	selachium
792	semiconspicuus
793	semiuncia
794	sensualitas
795	septena
796	seraphim
797	serratum
798	sesquunx
799	sfingia
800	sicuti
801	signator
802	siliqua
803	simplicitas
804	singulator
805	sirenophoenix
806	siticines
807	soboles
808	solenes
809	solo
810	sonchus
811	sorbum
812	sospitalis
813	sparsio
814	specii
815	spero
816	sphiraena
817	spintria
818	spolia
819	sportula
820	squatoraia
821	stapes
822	statuarii
823	stelechocarpus
824	stephanopolides
825	stichados
826	stipendium
827	stolatus
828	strata
829	streptinda
830	stringo
831	structile
832	stuparius
833	subagrestis
834	subdulce
835	sublimitas
836	subruvidus
837	substantialiter
838	subulae
839	succrescere
840	suffectus
841	suffusculus
842	summanare
843	superbifico
844	supersedere
845	supplicantes
846	surgunides
847	susque
848	sycosis
849	symmetrus
850	synallagma
851	syncroma
852	synodium
853	syntropus
854	systematica inaequalitas
855	taberna meritoria
856	taedet
857	talus supinus
858	tarantula
859	tautologus
860	tegella
861	teloneum
862	tendo
863	teramnon
864	terras filii
865	tesserascae dacatitae
866	tetradactylus
867	teucrion
868	thanatusia
869	thenupha
870	theos
871	thesaurus
872	thoracomachus
873	thuricremus
874	thyrae
875	timalphes
876	titia lex
877	tolotae
878	tonus
879	torosus
880	trabalis
881	tradux
882	transalpinus
883	transtra
884	tremulus
885	tributum
886	tricotum
887	trigonus
888	triplare
889	trithales
890	tropaeophoria
891	truuo
892	tubus
893	tunica molesta
894	turunda
895	tympanotriba
896	tyrses
897	vacinia
898	valetro
899	vari
900	vastrapes
901	vegeo
902	velum
903	ventrale
904	verennes
905	verrito
906	verticordius
907	vespertum
908	vexillarius
909	vicinitas
910	villica
911	vinnicus
912	virginari
913	visor
914	vivicrematio
915	umbinus
916	unguentaria
917	voculatio
918	vomo
919	urbare
920	usito
921	utrubi
922	vvarren
923	xenechium
924	xylalogon
925	zaberna
926	zia
927	zulapium
928	zyzania
